NIT,SXT,CIP,LVX,iat_prop,broad_prop,iat_prop_decision,broad_prop_decision,iat_diff_mean,iat_diff_std,broad_diff_mean,broad_diff_std,defer_rate,NIT_thresh,SXT_thresh,CIP_thresh,LVX_thresh
0.3,0.3,0.3,0.3,0.09737799806712386,0.2930211528480543,0.08932924038276888,0.23642824773864818,-5.450000000000003,14.589294019931192,-334.2,59.160459768328366,0.2065771903656087,,,,
0.3,0.3,0.6,0.6,0.0877703634829062,0.3682135175139119,0.08110514823347417,0.3578433651094385,-27.45,14.991580970664838,-162.05,63.08444737017199,0.056379234598333404,,,,
0.3,0.6,0.3,0.3,0.1140129614253476,0.14443402193128033,0.10877751604887705,0.09099931196047621,32.65,12.009475425679504,-674.35,32.23239829736534,0.12410120468463352,,,,
0.3,0.6,0.6,0.6,0.10855476592220296,0.18315836049164208,0.1032560152872222,0.16661669661018944,20.15,12.046887564844289,-585.7,37.37793466739437,0.044566048563502714,,,,
0.6,0.3,0.3,0.3,0.09822962746164866,0.12057516659355043,0.09160114101707503,0.0684754264834746,-3.5,14.189785058273435,-728.85,35.132997310221064,0.11396833760877041,,,,
0.6,0.3,0.6,0.6,0.09367161080889594,0.15457114779758596,0.08800503155571719,0.13615755981809075,-13.95,15.717744749168055,-651.0,39.64341054954784,0.04447667673716987,,,,
0.6,0.6,0.3,0.3,0.1027470300092493,0.0733024672905246,0.0966231430633427,0.03630023904905466,6.850000000000001,13.039459344620079,-837.1,26.145554115374967,0.07523127608590174,,,,
0.6,0.6,0.6,0.6,0.0996937068664006,0.09284665310630502,0.0944289092642341,0.07640079868571341,-0.15000000000000213,14.104166051206287,-792.35,28.496096223868985,0.03505054074265894,,,,
