,IAT_rate,Broad_rate
All Pts,0.10099,0.10759
Young,0.10242,0.04707
Mid,0.0962,0.11983
Old,0.10389,0.17568
