,IAT_rate,Broad_rate
All Pts,0.09693,0.12966
White,0.08921,0.07373
Non-White,0.10969,0.22207
