,IAT_rate,Broad_rate
All Pts,0.09693,0.12966
Young,0.10242,0.05216
Mid,0.09451,0.14093
Old,0.09206,0.22128
