,IAT_rate,Broad_rate
All Pts,0.09465,0.17102
Young,0.10051,0.07061
Mid,0.09198,0.1654
Old,0.08953,0.30997
