,IAT_rate,Broad_rate
All Pts,0.09465,0.17102
White,0.08554,0.13646
Non-White,0.10969,0.22813
